company_name,company_url
アデコ株式会社NEW締切間近,https://www.adeccogroup.jp/
株式会社アプティNEW,http://recruit.upty.jp/
ＵＴグループ株式会社 【東証一部】NEW,https://www.ut-g.co.jp/
株式会社Ｆｒｅｅ　ＳｐａｒｋNEW,https://f-spark.com/
株式会社ヒューマンテクノロジーズNEW,https://www.h-t.co.jp/
ＳＡＮＧＯ株式会社NEW,http://www.san-go.co.jp/
ＳＡＮＧＯ株式会社NEW,http://www.san-go.co.jp/
ヤフー株式会社NEW,http://docs.yahoo.co.jp/
株式会社ブルームソリューションズNEW,http://www.bloom-solutions.com/Page/TOP
GMOソリューションパートナー株式会社NEW,https://gmo-sol.jp/
株式会社グローマスNEW,https://glomouth.co.jp/
東京メディコムホールディングス株式会社NEW,https://www.tokyo-medicom.co.jp/
株式会社Ｃ－ｍｉｎｄNEW,https://cmind-co.jp/
株式会社エントリーNEW,http://entry-inc.jp/
サングローブ株式会社NEW,https://www.sungrove.co.jp/
株式会社グッドワークコミュニケーションズNEW,https://www.goodworkcoms.co.jp/
三井情報株式会社 (三井物産グループ)NEW,https://www.mki.co.jp/
株式会社タスNEW,https://corporate.tas-japan.com/
全研本社株式会社 【マザーズ】NEW,https://www.zenken.co.jp/
株式会社ＬＩＦＥ　ＳＯＵＮＤNEW,
株式会社ティー・エム・アール・システムズ (株式会社電算100％子会社)NEW,https://www.tmrs.co.jp/
株式会社アスパークNEW,http://www.aspark.co.jp
株式会社Sales LabNEW,https://www.saleslab.jp/
株式会社デザイン (デザイングループ)NEW,https://recruit.design-inc.jp/
株式会社メンバーズ（メンバーズデータアドベンチャーカンパニー） 【東証一部】NEW,https://www.dataadventure.co.jp/
ＮＳＳマーケティング株式会社 (NSSホールディングス株式会社)NEW,https://nss-marketing.co.jp/
株式会社Ling（リング）NEW,https://lingcorp.co.jp/
株式会社サードウェーブNEW,http://info.twave.co.jp/index.html
株式会社ＳａｉｌNEW,http://sail-ltd.com/
株式会社ネオキャリアNEW,http://www.neo-career.co.jp/
ホットスタッフグループ（合同募集）NEW,https://www.hotstaff.co.jp/
株式会社エクストリンクNEW,https://www.extlink.co.jp
サングローブ株式会社NEW,https://www.sungrove.co.jp/
"株式会社ｂｌｕｅ（blue,Inc）NEW",http://blue-corporation.jp
株式会社ネオキャリアNEW,https://www.neo-career.co.jp/
株式会社Mind Ability（マインドアビリティ）NEW,http://mind-ability.co.jp
株式会社ＧＥＮＯＶＡNEW,https://genova.co.jp
株式会社ＡＣＧ（ACG.CO.Ltd）NEW,https://acg.co.jp/
"株式会社プラスアルファ・コンサルティング（Plus Alpha Consulting Co.,Ltd.）NEW",https://www.pa-consul.co.jp/
株式会社リソースクリエイション,https://rc-group.co.jp/
株式会社ＢＵＳＫ,http://busk.co.jp/
株式会社アイ・ステーション (グループ会社：INEST株式会社),https://i-sta.co.jp/
株式会社エクシードジャパン,http://www.exceedjapan.co.jp/
株式会社アイディ,
株式会社ウィナス,
株式会社新通エスピー,http://www.shintsusp.co.jp/recruit/
株式会社ブレイブ,http://www.bravec.co.jp/
ｍｅｎｕ株式会社締切間近,https://app.menu.jp/
株式会社Ｚｅｈｉｔｏｍｏ,https://www.zehitomo.com
株式会社ピュアカラーズ,https://www.purecolors.co.jp/
株式会社ピーアール・デイリー (DACグループ),http://www.prdaily.jp/
株式会社ＷＩＬＬＣＯ,https://willco-inc.jp/
株式会社荘子舎,https://www.soshisha.co.jp/
株式会社ＫＤＳ,http://www.kds-net.co.jp
株式会社アイビネット,
株式会社ドライブトライブ (SGグループ),https://drivetribe.co.jp/
株式会社リクルート（飲食・ビューティ領域事業部） 【東証一部】,https://www.recruit.co.jp/
株式会社リクルート（飲食・ビューティ領域事業部） 【東証一部】,https://www.recruit.co.jp/
株式会社シンフォニード,https://www.symphoneed.co.jp
株式会社ネオキャリア,https://www.neo-career.co.jp/
エコスフィア株式会社,https://ecosphere.xyz/
株式会社Ｔ’ｓ　ａｇｅｎｃｙ（ティーズ・エージェンシー）,https://www.tsagency.co.jp/
株式会社ＯＮＥ,https://www.saiyou-one.jp/
株式会社コトリオ,https://kotrio.co.jp/
株式会社オリゾ,http://www.orizo.co.jp/
株式会社Dental Happy,https://www.dental-happy.co.jp/
Ｃｌｏｕｄｐｉｃｋ　Ｊａｐａｎ株式会社,https://www.cloudpick.com/jp/Default.aspx
日本キャリアグループ株式会社,https://nihon-career.co.jp/
株式会社リンクスタッフグループ,http://linkstaff-group.co.jp/
株式会社キッズウェイ,https://www.kids-way.ne.jp/
株式会社ネオキャリア締切間近,https://www.neo-career.co.jp/
トランスコスモスフィールドマーケティング株式会社【トランスコスモス株式会社100％出資企業】締切間近,https://www.tcfm.co.jp
株式会社オーサムエージェント締切間近,https://awesomegroup.co.jp/
パーソルワークスデザイン株式会社 (PERSOLグループ),https://www.persol-wd.co.jp/
株式会社じげん 【東証一部】,https://zigexn.co.jp/
イーストフィールズ株式会社,https://www.eastfields.co.jp/
株式会社ＣＳ‐Ｃ,https://s-cs-c.com/
株式会社ネオキャリア,https://www.neo-career.co.jp/
株式会社セラク 【東証一部】締切間近,http://www.seraku.co.jp
株式会社トライトキャリア（トライトグループ）締切間近,https://tryt-group.co.jp/
ココザス株式会社,https://cocozas.jp/
株式会社スカイテック,http://www.sky-tech.co.jp/
ヤフー株式会社,http://docs.yahoo.co.jp/
株式会社レジデンシャルインターネット,https://residentialinter.net/
株式会社ビズリンク,https://corp.bizlink.io/
Ｓｋｙ株式会社,http://www.skygroup.jp/
株式会社イデア,https://www.kk-idea.com/
株式会社新生・エージェンシー,http://www.shinsei-ag.co.jp/
株式会社ネオキャリア,http://www.neo-career.co.jp/
株式会社大塚商会 【東証一部】,https://www.otsuka-shokai.co.jp/
ＢＣパートナーズ株式会社,http://www.bc-p.jp/
株式会社ＥＰＡＲＫグルメ,https://gourmet.epark.jp/
株式会社エルピス締切間近,https://www.elpiscorp.co.jp/
ワウテック株式会社締切間近,https://www.wowtech.co.jp/
株式会社システムアイ (SHIFTグループ),http://www.systemi.co.jp/
株式会社ＣＬＵＴＣＨ (株式会社SHIFTグループ),https://www.clutch.ne.jp/
株式会社C-mind,https://cmind-co.jp/
ＸＭｉｌｅ株式会社締切間近,https://www.xmile.co.jp/
株式会社Live Search,https://livesearch.co.jp/
株式会社サインド【Beauty Merit】締切間近,https://cynd.co.jp/
株式会社ジオン,https://zeoninc.com
株式会社ネオキャリア,http://www.neo-career.co.jp/
BRANU株式会社,https://branu.jp
株式会社Sirius,http://sirius01.com/index.html
株式会社BBネットワークス (BBNグループ),http://bb-nws.co.jp
アドメイク株式会社,https://admake.co.jp/
株式会社アイドマ・ホールディングス締切間近,https://www.aidma-hd.jp/
株式会社ＮＥＣＴ締切間近,https://nect.jp
株式会社アイドマ・ホールディングス締切間近,https://www.aidma-hd.jp/
株式会社リンクスタッフ締切間近,http://www.linkstaff.co.jp/
サングローブ株式会社締切間近,https://www.sungrove.co.jp/
株式会社ＴＹＬ締切間近,https://pet-tyl.co.jp/
株式会社労働新聞社NEW,https://www.rodo.co.jp/
"株式会社ＰＡＬ（PAL.,Co.ltd）NEW",http://www.pal-style.co.jp
株式会社ＤＹＭNEW,https://dym.asia
スマートシェア株式会社NEW,https://www.smartshare.jp/
"株式会社ＰＡＬ（PAL.,Co.ltd）NEW",http://www.pal-style.co.jp
株式会社Ａｄｄ　ＦｌｏｗNEW,https://www.add-flow.com/
株式会社ウインライトNEW,https://www.winlight.co.jp/
株式会社コリンNEW,https://colin.jp/
株式会社レイスNEW,https://racegroup.co.jp/
株式会社HURE Design（フーレ デザイン）NEW,https://hure-design.com/
株式会社ウェルモNEW,https://welmo.co.jp/
ｉｐｃ株式会社NEW,https://i-p-c.jp/
栄宣グループ合同募集（株式会社栄宣、株式会社アド・エイセン）NEW,http://www.eisen-senju.com/
株式会社アットラインNEW,http://line-hp.co.jp/
株式会社エムエム総研,https://www.mmsouken.co.jp/
株式会社京栄センター,https://www.kyoeicenter.com/
株式会社ＴＯＫＡＩコミュニケーションズ (TOKAIグループ),http://www.tokai-com.co.jp/
NEC VALWAY株式会社 (NECグループ),https://www.necvw.co.jp/
NEC VALWAY株式会社 (NECグループ),https://www.necvw.co.jp/
株式会社エスアイイー,https://sie.co.jp/
ピセ株式会社,https://www.pise.co.jp/
エス・イー・シーエレベーター株式会社,https://secev.co.jp/
株式会社ファブリカコミュニケーションズ 【JASDAQ】,
株式会社創育クリエート,http://www.soiku-c.co.jp/employment.html
オリナス株式会社,https://orinas.jp/
独立行政法人中小企業基盤整備機構,https://www.smrj.go.jp/
株式会社ユニマットリック (ユニマットグループ),http://www.rikcorp.jp/
"木村情報技術株式会社（Kimura Information Technology Co., Ltd.）",https://www.k-idea.jp/
株式会社イーエムオー,https://emo-sp.com/
株式会社キーワードジャパン,http://www.keywordjapan.co.jp/
株式会社プレシジョン締切間近,https://www.premedi.co.jp/
株式会社グランド締切間近,https://www.grand-inc.co.jp/
キングソフト株式会社締切間近,https://www.kingsoft.jp/
株式会社ＯＮ,
株式会社クラブビジネスジャパン締切間近,https://www.fitnessclub.jp/
株式会社川村インターナショナルNEW,http://www.k-intl.co.jp/
株式会社ウィルNEW,http://will7777.co.jp/
株式会社ｂサーチNEW,https://b-bsearch.com/
株式会社Ｍ－ＩＴコンサルティングNEW,https://mit.co.jp/
株式会社朋ジェーエス・ピーNEW,https://www.tomo-jsp.co.jp
株式会社エスプールプラスNEW,http://plus.spool.co.jp/
株式会社スタートラインNEW,https://start-line.jp
株式会社朝日エンジニアリングNEW,http://www.kk-asahieng.co.jp/
飛天ジャパン株式会社NEW,https://ftsafe.co.jp/
さくら情報システム株式会社 (SMBCグループ)NEW,https://www.sakura-is.co.jp/
株式会社博報堂プロダクツNEW,https://www.h-products.co.jp/
株式会社RSGNEW,http://rsg-c.jp/
株式会社ネットテンNEW,http://www.e-netten.ne.jp/
キングレコード株式会社NEW,http://www.kingrecords.co.jp
株式会社UZUZ (グループ会社／株式会社WWW)NEW,https://uzuz.jp/
株式会社Hills staff（ヒルズスタッフ）NEW,https://hillsstaff.co.jp/
株式会社Linksprout（リンクスプラウト）NEW,http://recruit.linksprout.co.jp/
Ｓａｎｓａｎ株式会社 【東証一部】NEW,http://jp.corp-sansan.com
株式会社オーケー印刷社NEW,https://ok-pr.co.jp/
株式会社GLITTERS（グリッターズ）NEW,https://glitters-inc.com/
株式会社バックスグループ (博報堂グループ)NEW,http://www.backs.co.jp/
株式会社エスエスプロバイドNEW,https://www.ss-prvd.com
株式会社フォルメンNEW,http://www.formen.jp/
株式会社エクシードジャパン,http://www.exceedjapan.co.jp/
クイックリサーチ協同組合,http://www.quick-reseach-coop.org/
株式会社バックスグループ (博報堂グループ),http://www.backs.co.jp/
マックスアルファ株式会社,http://www.maxalpha.co.jp/
株式会社オーボックス,https://o-box.co.jp/
株式会社ＵＴ・キャリア,https://ut-c.co.jp/
パーソルキャリア株式会社 (パーソルグループ),https://www.persol-career.co.jp/
中央ビジコム株式会社,http://www.bijicom.co.jp/
株式会社エスプールプラス,http://plus.spool.co.jp/
オールイン株式会社,https://allhero.co.jp/
株式会社レイ 【JASDAQ】,http://www.ray.co.jp/
ＥＢＡ株式会社,https://ebacorp.jp/
ＷｈａｔｚＭｏｎｅｙ株式会社,https://whatzmoney.co.jp/
株式会社ジェイエヌシステム,http://www.jnsystem.co.jp/
株式会社リテールマーケティング,http://retail-m.jp/
クルーガーグループ株式会社,http://www.cruager.co.jp/
株式会社ウィルオブ・ワーク,https://willof-work.co.jp/
アクリーコンサルティング株式会社,http://acry-c.co.jp
ハレルヤエージェンシー株式会社,https://www.halle-a.jp/
株式会社ユニヴ,https://www.univ.co.jp/
株式会社ＯＮＥ,https://www.saiyou-one.jp/
株式会社ＢｒａｎｄｉｎｇＥｎｇｉｎｅｅｒ 【マザーズ】,https://b-engineer.co.jp/
大興電子通信株式会社 【東証二部】,https://www.daikodenshi.jp/
株式会社アペックスライン,https://apex-line.net/
スイングバイテクノロジー株式会社,https://swingbytech.co.jp/
株式会社医師のとも (MRTグループ),http://www.ishinotomo.com/
ビジコネット株式会社,https://busiconet.co.jp
株式会社ローザス,https://www.rozas.co.jp/
株式会社ラポールスター締切間近,https://www.rapport-star.com/
オリクション株式会社,https://www.oriction.com/
